"PID","ID_0","ISO","NAME_0","ID_1","NAME_1","ID_2","NAME_2","NL_NAME_2","VARNAME_2","TYPE_2","ENGTYPE_2"
25664,166,"PRK","North Korea",3,"Hamgyong-namdo",54,"Yodok","","Yodok","Gun","County"
25665,166,"PRK","North Korea",4,"Hwanghae-bukto",55,"Unp'a","","Unpa","Gun","County"
25666,166,"PRK","North Korea",4,"Hwanghae-bukto",56,"Hwangju","","","Gun","County"
25667,166,"PRK","North Korea",4,"Hwanghae-bukto",57,"Kumch'on","","Kumchon","Gun","County"
25668,166,"PRK","North Korea",4,"Hwanghae-bukto",58,"Kaesong","","Kaesong","Si","City"
25669,166,"PRK","North Korea",4,"Hwanghae-bukto",59,"Koksan","","","Gun","County"
25670,166,"PRK","North Korea",4,"Hwanghae-bukto",60,"P'yongsan","","Pyongsan","Gun","County"
25671,166,"PRK","North Korea",4,"Hwanghae-bukto",61,"Pongsan","","Bongsan","Gun","County"
25672,166,"PRK","North Korea",4,"Hwanghae-bukto",62,"Rinsan","","","Gun","County"
25673,166,"PRK","North Korea",4,"Hwanghae-bukto",63,"Sariwon","","Sariwon","Si","City"
25674,166,"PRK","North Korea",4,"Hwanghae-bukto",64,"Sin'gye","","Singye","Gun","County"
25675,166,"PRK","North Korea",4,"Hwanghae-bukto",65,"Sinp'yong","","Sinpyong","Gun","County"
25676,166,"PRK","North Korea",4,"Hwanghae-bukto",66,"Songhu","","","Gun","County"
25677,166,"PRK","North Korea",4,"Hwanghae-bukto",67,"Songrim","","","Si","City"
25678,166,"PRK","North Korea",4,"Hwanghae-bukto",68,"Suan","","","Gun","County"
25679,166,"PRK","North Korea",4,"Hwanghae-bukto",69,"T'osan","","Tosan","Gun","County"
25680,166,"PRK","North Korea",4,"Hwanghae-bukto",70,"Yonsan","","Yonsan","Gun","County"
25681,166,"PRK","North Korea",4,"Hwanghae-bukto",71,"Yontan","","Yontan","Gun","County"
25682,166,"PRK","North Korea",5,"Hwanghae-namdo",72,"Unch'on","","Unchon","Gun","County"
25683,166,"PRK","North Korea",5,"Hwanghae-namdo",73,"Unryul","","Unryul","Gun","County"
25684,166,"PRK","North Korea",5,"Hwanghae-namdo",74,"Anak","","","Gun","County"
25685,166,"PRK","North Korea",5,"Hwanghae-namdo",75,"Ch'ongdan","","Chongdan","Gun","County"
25686,166,"PRK","North Korea",5,"Hwanghae-namdo",76,"Chaeryong","","Chaeryong","Gun","County"
25687,166,"PRK","North Korea",5,"Hwanghae-namdo",77,"Changyon","","Jangyon","Gun","County"
25976,166,"PRK","North Korea",1,"Chagang-do",1,"Ch'osan","","Chosan","Gun","County"
25977,166,"PRK","North Korea",1,"Chagang-do",2,"Chonch'on","","Jonchon","Gun","County"
25978,166,"PRK","North Korea",1,"Chagang-do",3,"Changgang","","Janggang","Gun","County"
25979,166,"PRK","North Korea",1,"Chagang-do",4,"Chasong","","Jasong","Gun","County"
25980,166,"PRK","North Korea",1,"Chagang-do",5,"Chunggang","","Junggang","Gun","County"
25981,166,"PRK","North Korea",1,"Chagang-do",6,"Huich'on","","Huichon","Si"," City"
25982,166,"PRK","North Korea",1,"Chagang-do",7,"Hwap'yong","","Hwaphyong","Gun","County"
25983,166,"PRK","North Korea",1,"Chagang-do",8,"Kanggye","","","Si"," City"
25984,166,"PRK","North Korea",1,"Chagang-do",9,"Kop'ung","","Kopung","Gun","County"
25985,166,"PRK","North Korea",1,"Chagang-do",10,"Manp'o","","Manpo","Si"," City"
25986,166,"PRK","North Korea",1,"Chagang-do",11,"Rangrim","","","Gun","County"
25987,166,"PRK","North Korea",1,"Chagang-do",12,"Ryongrim","","","Gun","County"
25988,166,"PRK","North Korea",1,"Chagang-do",13,"Songgan","","Songgan","Gun","County"
25989,166,"PRK","North Korea",1,"Chagang-do",14,"Sijung","","","Gun","County"
25990,166,"PRK","North Korea",1,"Chagang-do",15,"Songwon","","Songwon","Gun","County"
25991,166,"PRK","North Korea",1,"Chagang-do",16,"Tongsin","","","Gun","County"
25992,166,"PRK","North Korea",1,"Chagang-do",17,"Usi","","","Gun","County"
25993,166,"PRK","North Korea",1,"Chagang-do",18,"Wiwon","","Wiwon","Gun","County"
25994,166,"PRK","North Korea",2,"Hamgyong-bukto",19,"Undok","","Undok","Gun","County"
25995,166,"PRK","North Korea",2,"Hamgyong-bukto",20,"Orang","","Orang","Gun","County"
25996,166,"PRK","North Korea",2,"Hamgyong-bukto",21,"Ch'ongjin","","Chongjin","Si","City"
25997,166,"PRK","North Korea",2,"Hamgyong-bukto",22,"Hoeryong","","Hoiryong","Si","City"
25998,166,"PRK","North Korea",2,"Hamgyong-bukto",23,"Hwadae","","","Gun","County"
25999,166,"PRK","North Korea",2,"Hamgyong-bukto",24,"Hwasong","","Hwasong","Gun","County"
26000,166,"PRK","North Korea",2,"Hamgyong-bukto",25,"Kilchu","","Kiliju","Gun","County"
26001,166,"PRK","North Korea",2,"Hamgyong-bukto",26,"Kimch'aek","","Kimchaek","Si","City"
26002,166,"PRK","North Korea",2,"Hamgyong-bukto",27,"Kyongsong","","Kyongsong","Gun","County"
26003,166,"PRK","North Korea",2,"Hamgyong-bukto",28,"Musan","","","Gun","County"
26004,166,"PRK","North Korea",2,"Hamgyong-bukto",29,"Myongch'on","","Myongchon","Gun","County"
26005,166,"PRK","North Korea",2,"Hamgyong-bukto",30,"Onsong","","Onsong","Gun","County"
26006,166,"PRK","North Korea",2,"Hamgyong-bukto",31,"Puryong","","Puryong","Gun","County"
26007,166,"PRK","North Korea",2,"Hamgyong-bukto",32,"Puyun","","","Gun","County"
26008,166,"PRK","North Korea",2,"Hamgyong-bukto",33,"Saebyol","","Saepyol","Gun","County"
26009,166,"PRK","North Korea",2,"Hamgyong-bukto",34,"Yonsa","","Yonsa","Gun","County"
26010,166,"PRK","North Korea",3,"Hamgyong-namdo",35,"Chongp'yong","","Jonpyong","Gun","County"
26011,166,"PRK","North Korea",3,"Hamgyong-namdo",36,"Dachon","","","Gun","County"
26012,166,"PRK","North Korea",3,"Hamgyong-namdo",37,"Doksong","","","Gun","County"
26013,166,"PRK","North Korea",3,"Hamgyong-namdo",38,"Hoch'on","","Hochon","Gun","County"
26014,166,"PRK","North Korea",3,"Hamgyong-namdo",39,"Hamhung","","Hamhung","Si","City"
26015,166,"PRK","North Korea",3,"Hamgyong-namdo",40,"Hamju","","","Gun","County"
26016,166,"PRK","North Korea",3,"Hamgyong-namdo",41,"Hongwon","","Hongwon","Gun","County"
26017,166,"PRK","North Korea",3,"Hamgyong-namdo",42,"Jangjin","","","Gun","County"
26018,166,"PRK","North Korea",3,"Hamgyong-namdo",43,"Kumho","","Kumho","Gun","County"
26019,166,"PRK","North Korea",3,"Hamgyong-namdo",44,"Kumya","","Kumya","Gun","County"
26020,166,"PRK","North Korea",3,"Hamgyong-namdo",45,"Kowon","","Kowon","Gun","County"
26021,166,"PRK","North Korea",3,"Hamgyong-namdo",46,"Pujon","","Bujon","Gun","County"
26022,166,"PRK","North Korea",3,"Hamgyong-namdo",47,"Pukch'ong","","Pukchong","Gun","County"
26023,166,"PRK","North Korea",3,"Hamgyong-namdo",48,"Rakwon","","","Gun","County"
26024,166,"PRK","North Korea",3,"Hamgyong-namdo",49,"Riwon","","Riwon","Gun","County"
26025,166,"PRK","North Korea",3,"Hamgyong-namdo",50,"Sinhung","","Sinhung","Gun","County"
26026,166,"PRK","North Korea",3,"Hamgyong-namdo",51,"Sinp'o","","Sinpo","Si","City"
26027,166,"PRK","North Korea",3,"Hamgyong-namdo",52,"Sudong","","","Gun","County"
26028,166,"PRK","North Korea",3,"Hamgyong-namdo",53,"Yonggwang","","Yonggwan","Gun","County"
26029,166,"PRK","North Korea",5,"Hwanghae-namdo",78,"Haeju","","","Si","City"
26030,166,"PRK","North Korea",5,"Hwanghae-namdo",79,"Kangry'ong","","Kangryong","Gun","County"
26031,166,"PRK","North Korea",5,"Hwanghae-namdo",80,"Kwail","","","Gun","County"
26032,166,"PRK","North Korea",5,"Hwanghae-namdo",81,"Ongjin","","","Gun","County"
26033,166,"PRK","North Korea",5,"Hwanghae-namdo",82,"Paekch'on","","Baechon","Gun","County"
26034,166,"PRK","North Korea",5,"Hwanghae-namdo",83,"Pongch'on","","Bongchon","Gun","County"
26035,166,"PRK","North Korea",5,"Hwanghae-namdo",84,"Pyoksong","","Byoksong","Gun","County"
26036,166,"PRK","North Korea",5,"Hwanghae-namdo",85,"Ryongyon","","Ryongyon","Gun","County"
26037,166,"PRK","North Korea",5,"Hwanghae-namdo",86,"Samch'on","","Samchon","Gun","County"
26038,166,"PRK","North Korea",5,"Hwanghae-namdo",87,"Sinch'on","","Sinchon","Gun","County"
26039,166,"PRK","North Korea",5,"Hwanghae-namdo",88,"Sinwon","","Sinwon","Gun","County"
26040,166,"PRK","North Korea",5,"Hwanghae-namdo",89,"Songhwa","","","Gun","County"
26041,166,"PRK","North Korea",5,"Hwanghae-namdo",90,"T'aet'an","","Taetan","Gun","County"
26042,166,"PRK","North Korea",5,"Hwanghae-namdo",91,"Water Body","","","Gun","County"
26043,166,"PRK","North Korea",5,"Hwanghae-namdo",92,"Yonan","","","Gun","County"
26044,166,"PRK","North Korea",6,"Kaesong",93,"Jangpung","",""," "," "
26045,166,"PRK","North Korea",6,"Kaesong",94,"Kaepung","",""," "," "
26046,166,"PRK","North Korea",6,"Kaesong",95,"Panmun","",""," "," "
26047,166,"PRK","North Korea",7,"Kangwon-do",96,"Anbyon","","Anbyon","Gun","County"
26048,166,"PRK","North Korea",7,"Kangwon-do",97,"Ch'onnae","","Chonnae","Gun","County"
26049,166,"PRK","North Korea",7,"Kangwon-do",98,"Ch'orwon","","Cholwon","Gun","County"
26050,166,"PRK","North Korea",7,"Kangwon-do",99,"Ch'angdo","","Changdo","Gun","County"
26051,166,"PRK","North Korea",7,"Kangwon-do",100,"Hoeyang","","Hoiyang","Gun","County"
26052,166,"PRK","North Korea",7,"Kangwon-do",101,"Ichon","","Ichon","Gun","County"
26053,166,"PRK","North Korea",7,"Kangwon-do",102,"Kimhwa","","","Gun","County"
26054,166,"PRK","North Korea",7,"Kangwon-do",103,"Kosong","","Kosong","Gun","County"
26055,166,"PRK","North Korea",7,"Kangwon-do",104,"Kosan","","","Gun","County"
26056,166,"PRK","North Korea",7,"Kangwon-do",105,"Munchon","","Munchon","Si","City"
26057,166,"PRK","North Korea",7,"Kangwon-do",106,"P'an'gyo","","Pangyo","Gun","County"
26058,166,"PRK","North Korea",7,"Kangwon-do",107,"P'yonggang","","Pyonggang","Gun","County"
26059,166,"PRK","North Korea",7,"Kangwon-do",108,"Poptong","","Bopdong","Gun","County"
26060,166,"PRK","North Korea",7,"Kangwon-do",109,"Sep'o","","Sepo","Gun","County"
26061,166,"PRK","North Korea",7,"Kangwon-do",110,"T'ongch'on","","Tongchon","Si","City"
26062,166,"PRK","North Korea",7,"Kangwon-do",111,"Wonsan","","Wonsan","Si","City"
26063,166,"PRK","North Korea",8,"Kumgangsan",112,"Kumgangsan","",""," "," "
26064,166,"PRK","North Korea",9,"P'yongan-bukto",113,"Uiju","","Uiju","Gun","County"
26065,166,"PRK","North Korea",9,"P'yongan-bukto",114,"Byokdong","","","Gun","County"
26066,166,"PRK","North Korea",9,"P'yongan-bukto",115,"Ch'olsan","","Cholsan","Gun","County"
26067,166,"PRK","North Korea",9,"P'yongan-bukto",116,"Ch'onma","","Chonma","Gun","County"
26068,166,"PRK","North Korea",9,"P'yongan-bukto",117,"Ch'angsong","","Changsong","Gun","County"
26069,166,"PRK","North Korea",9,"P'yongan-bukto",118,"Chongju-si","","Jongju","Si","City"
26070,166,"PRK","North Korea",9,"P'yongan-bukto",119,"Daengwan","","","Gun","County"
26071,166,"PRK","North Korea",9,"P'yongan-bukto",120,"Dongrim","","","Gun","County"
26072,166,"PRK","North Korea",9,"P'yongan-bukto",121,"Hyangsan","","","Gun","County"
26073,166,"PRK","North Korea",9,"P'yongan-bukto",122,"Kujang","","","Gun","County"
26074,166,"PRK","North Korea",9,"P'yongan-bukto",123,"Kusong","","Kusong","Si","City"
26075,166,"PRK","North Korea",9,"P'yongan-bukto",124,"Kwaksan","","","Gun","County"
26076,166,"PRK","North Korea",9,"P'yongan-bukto",125,"Nyongbyon","","Nyongbyon","Gun","County"
26077,166,"PRK","North Korea",9,"P'yongan-bukto",126,"P'ihyon","","Pihyon","Gun","County"
26078,166,"PRK","North Korea",9,"P'yongan-bukto",127,"Pakch'on","","Bakchon","Gun","County"
26079,166,"PRK","North Korea",9,"P'yongan-bukto",128,"Ryongch'on","","Ryongchon","Gun","County"
26080,166,"PRK","North Korea",9,"P'yongan-bukto",129,"Sonch'on","","Sonchon","Gun","County"
26081,166,"PRK","North Korea",9,"P'yongan-bukto",130,"Sakju","","","Gun","County"
26082,166,"PRK","North Korea",9,"P'yongan-bukto",131,"Sindo","","","Gun","County"
26083,166,"PRK","North Korea",9,"P'yongan-bukto",132,"T'aech'on","","Taechon","Gun","County"
26084,166,"PRK","North Korea",9,"P'yongan-bukto",133,"Tongch'ang","","Tongchang","Gun","County"
26085,166,"PRK","North Korea",9,"P'yongan-bukto",134,"Unjon","","Unjon","Gun","County"
26086,166,"PRK","North Korea",9,"P'yongan-bukto",135,"Unsan","","","Gun","County"
26087,166,"PRK","North Korea",9,"P'yongan-bukto",136,"Yomju","","Yomju","Gun","County"
26088,166,"PRK","North Korea",10,"P'yongan-namdo",137,"Unjong","","Unjong","Guyok","Ward"
26089,166,"PRK","North Korea",10,"P'yongan-namdo",138,"Unsan","","Unsan","Gun","County"
26090,166,"PRK","North Korea",10,"P'yongan-namdo",139,"Anju","","","Si","City"
26091,166,"PRK","North Korea",10,"P'yongan-namdo",140,"Ch'ollima","","Chollima","Gun","County"
26092,166,"PRK","North Korea",10,"P'yongan-namdo",141,"Ch'ongnam","","Chongnam","Gun","County"
26093,166,"PRK","North Korea",10,"P'yongan-namdo",142,"Daean","","","Gun","County"
26094,166,"PRK","North Korea",10,"P'yongan-namdo",143,"Haichang","","","Gun","County"
26095,166,"PRK","North Korea",10,"P'yongan-namdo",144,"Hanggu","","","Gun","County"
26096,166,"PRK","North Korea",10,"P'yongan-namdo",145,"Jungsan","","","Gun","County"
26097,166,"PRK","North Korea",10,"P'yongan-namdo",146,"Kaech'on","","Kaechon","Si","City"
26098,166,"PRK","North Korea",10,"P'yongan-namdo",147,"Kangso","","Kangso","Gun","County"
26099,166,"PRK","North Korea",10,"P'yongan-namdo",148,"Maengsan","","","Gun","County"
26100,166,"PRK","North Korea",10,"P'yongan-namdo",149,"Mundok","","Mundok","Gun","County"
26101,166,"PRK","North Korea",10,"P'yongan-namdo",150,"Nyongwon","","","Gun","County"
26102,166,"PRK","North Korea",10,"P'yongan-namdo",151,"Onch'on","","Onchon","Gun","County"
26103,166,"PRK","North Korea",10,"P'yongan-namdo",152,"P'yongsong","","Pyongsong","Gun","County"
26104,166,"PRK","North Korea",10,"P'yongan-namdo",153,"P'yongwon","","Pyongwon","Gun","County"
26105,166,"PRK","North Korea",10,"P'yongan-namdo",154,"Pukch'ang","","Bukchang","Gun","County"
26106,166,"PRK","North Korea",10,"P'yongan-namdo",155,"Ryonggang","","","Gun","County"
26107,166,"PRK","North Korea",10,"P'yongan-namdo",156,"Songch'on","","Songchon","Gun","County"
26108,166,"PRK","North Korea",10,"P'yongan-namdo",157,"Sinyang","","","Gun","County"
26109,166,"PRK","North Korea",10,"P'yongan-namdo",158,"Sukch'on","","Sukchon","Gun","County"
26110,166,"PRK","North Korea",10,"P'yongan-namdo",159,"Sunch'on","","Sunchon","Si","City"
26111,166,"PRK","North Korea",10,"P'yongan-namdo",160,"Tokch'on","","Dokchon","Si","City"
26112,166,"PRK","North Korea",10,"P'yongan-namdo",161,"Tukchang","","Dukjang","Gun","County"
26113,166,"PRK","North Korea",10,"P'yongan-namdo",162,"Taedong","","Daedong","Gun","County"
26114,166,"PRK","North Korea",10,"P'yongan-namdo",163,"Taehung","","Daenghung","Gun","County"
26115,166,"PRK","North Korea",10,"P'yongan-namdo",164,"Waudo","","","Gun","County"
26116,166,"PRK","North Korea",10,"P'yongan-namdo",165,"Yangdok","","Yangdok","Gun","County"
26117,166,"PRK","North Korea",11,"P'yongyang",166,"Chunghwa","","","Gun","County"
26118,166,"PRK","North Korea",11,"P'yongyang",167,"Jong","","","",""
26119,166,"PRK","North Korea",11,"P'yongyang",168,"Kangdong","",""," "," "
26120,166,"PRK","North Korea",11,"P'yongyang",169,"Kangnam","","","Gun","County"
26121,166,"PRK","North Korea",11,"P'yongyang",170,"Pyongyang","",""," "," "
26122,166,"PRK","North Korea",11,"P'yongyang",171,"Sangwon","","Sangwon","Gun","County"
26123,166,"PRK","North Korea",12,"Rason",172,"Rajin","","","Guyok ","Ward"
26124,166,"PRK","North Korea",12,"Rason",173,"Sonbong","","Sonbong","Gun","County"
26125,166,"PRK","North Korea",13,"Ryanggang",174,"Hyesan","","","Si","City"
26126,166,"PRK","North Korea",13,"Ryanggang",175,"Kapsan","","","Gun","County"
26127,166,"PRK","North Korea",13,"Ryanggang",176,"Kimhyonggwon","","Kimhyongwon","Gun","County"
26128,166,"PRK","North Korea",13,"Ryanggang",177,"Kimhyongjik","","Kimhyongjik","Gun","County"
26129,166,"PRK","North Korea",13,"Ryanggang",178,"Kimjongsuk","","Kimjongsuk","Gun","County"
26130,166,"PRK","North Korea",13,"Ryanggang",179,"P'ungso","","Phungso","Gun","County"
26131,166,"PRK","North Korea",13,"Ryanggang",180,"Paegam","","Baekam","Gun","County"
26132,166,"PRK","North Korea",13,"Ryanggang",181,"Poch'on","","Bochon","Gun","County"
26133,166,"PRK","North Korea",13,"Ryanggang",182,"Samjiyon","","","Gun","County"
26134,166,"PRK","North Korea",13,"Ryanggang",183,"Samsu","","","Gun","County"
26135,166,"PRK","North Korea",13,"Ryanggang",184,"Taehongdan","","","Gun","County"
26136,166,"PRK","North Korea",13,"Ryanggang",185,"Unhung","","Unhung","Gun","County"
26137,166,"PRK","North Korea",14,"Sinuiju",186,"Sinuiju","","Sinuiju","Si","City"
